{
	"Metadata":
	{
		"Name": "AIZ 2 Fire Chase",
		"Author": "Snowy Kirby",
		"Description": "This mod makes Fire Chase after you in Act 2 of Angel Island Zone.",
		"URL": "",
		"ModVersion": "1.0",
		"GameVersion": ""
	},
	"Settings":
	{
		"Fire Chase":
		[
			{
				"InternalName": "ishowspeed",
				"DisplayName": "Fire Speed",
				"Variable": "firespeed",
				"DefaultValue": "1",			
				"Options":
				{
					"0": "Slow",
					"1": "Medium",
					"2": "Fast"
				}
			},
			{
				"InternalName": "firelayout",
				"DisplayName": "Edited Layout",
				"Variable": "layout",
				"DefaultValue": "1",			
				"Options":
				{
					"0": "No",
					"1": "Yes"
				}
			}
		]
	}
}
